[
    {
        "id": 0,
        "name": "櫛田桔梗",
        "filename": "櫛田.png",
        "drive_id": "16y3e5afNrqepEXrml8rO_ySyi9ybv327",
        "tier": "A",
        "anime": "歡迎來到實力至上主義的教室",
        "stats": {
            "hp": [],
            "str": [],
            "def": [],
            "agi": []
        }
    },
    {
        "id": 1,
        "name": "一之濑帆波",
        "filename": "一之瀨.png",
        "drive_id": "1MV8P587z3HDLd9hVoyaTnEaqdA76crka",
        "tier": "A",
        "anime": "歡迎來到實力至上主義的教室",
        "stats": {
            "hp": [],
            "str": [],
            "def": [],
            "agi": []
        }
    },
    {
        "id": 2,
        "name": "坂柳有栖",
        "filename": "坂柳.png",
        "drive_id": "1_U93df1DTuQBDVYH8WxLbvcShV8G0lhf",
        "tier": "A",
        "anime": "歡迎來到實力至上主義的教室",
        "stats": {
            "hp": [],
            "str": [],
            "def": [],
            "agi": []
        }
    },
    {
        "id": 3,
        "name": "堀北鈴音",
        "filename": "鈴音.png",
        "drive_id": "1Mf-o2RFJLlVdGg9BDVon_xrVwZdZGIyd",
        "tier": "A",
        "anime": "歡迎來到實力至上主義的教室",
        "stats": {
            "hp": [],
            "str": [],
            "def": [],
            "agi": []
        }
    },
    {
        "id": 4,
        "name": "輕井澤惠",
        "filename": "惠.png",
        "drive_id": "11IBltZSg7TcwrGp105MqAOg_zwi6PyMA",
        "tier": "A",
        "anime": "歡迎來到實力至上主義的教室",
        "stats": {
            "hp": [],
            "str": [],
            "def": [],
            "agi": []
        }
    },
    {
        "id": 5,
        "name": "橋本正義",
        "filename": "橋本.png",
        "drive_id": "1c1T_Ep6X9UycGpWcCE82hCMbf3Vqo4rM",
        "tier": "D",
        "anime": "歡迎來到實力至上主義的教室",
        "stats": {
            "hp": [],
            "str": [],
            "def": [],
            "agi": []
        }
    },
    {
        "id": 6,
        "name": "神室真澄",
        "filename": "神室.png",
        "drive_id": "1UzrXreT2Cl2Ned8ziyjGN-eSLkTf7N5S",
        "tier": "D",
        "anime": "歡迎來到實力至上主義的教室",
        "stats": {
            "hp": [],
            "str": [],
            "def": [],
            "agi": []
        }
    },
    {
        "id": 7,
        "name": "三宅明人",
        "filename": "三宅明人.png",
        "drive_id": "1lYhFV9geoNFZGs_3ykOyQcshO8wmHCZZ",
        "tier": "D",
        "anime": "歡迎來到實力至上主義的教室",
        "stats": {
            "hp": [],
            "str": [],
            "def": [],
            "agi": []
        }
    },
    {
        "id": 8,
        "name": "茶柱佐枝",
        "filename": "茶柱 佐枝.png",
        "drive_id": "1IlKlgzRJjSqpqPa1tay0ewbyUThi1D8W",
        "tier": "D",
        "anime": "歡迎來到實力至上主義的教室",
        "stats": {
            "hp": [],
            "str": [],
            "def": [],
            "agi": []
        }
    },
    {
        "id": 9,
        "name": "星之宮知惠",
        "filename": "星之宮知惠.png",
        "drive_id": "1m2gCMHtrjHaFLgWFM08gscFS86pUXt6I",
        "tier": "D",
        "anime": "歡迎來到實力至上主義的教室",
        "stats": {
            "hp": [],
            "str": [],
            "def": [],
            "agi": []
        }
    },
    {
        "id": 10,
        "name": "橘茜",
        "filename": "橘茜.png",
        "drive_id": "1jqyeI9XDFA4rEc4bstIDXOfWKxc5BYCN",
        "tier": "D",
        "anime": "歡迎來到實力至上主義的教室",
        "stats": {
            "hp": [],
            "str": [],
            "def": [],
            "agi": []
        }
    },
    {
        "id": 11,
        "name": "堀北學",
        "filename": "堀北學.png",
        "drive_id": "17jDif5MPhG0z0ZRuyaPQySVjjFhY3POr",
        "tier": "B",
        "anime": "歡迎來到實力至上主義的教室",
        "stats": {
            "hp": [],
            "str": [],
            "def": [],
            "agi": []
        }
    },
    {
        "id": 12,
        "name": "伊吹澪",
        "filename": "伊吹.png",
        "drive_id": "1-zfsRJOJeQ8fGp0dAzgxXOvYQHpvdmYK",
        "tier": "C",
        "anime": "歡迎來到實力至上主義的教室",
        "stats": {
            "hp": [],
            "str": [],
            "def": [],
            "agi": []
        }
    },
    {
        "id": 13,
        "name": "池寬治",
        "filename": "池.png",
        "drive_id": "1Aog5ce3fnNh-JBAL-wyKeeS1zDURGMu-",
        "tier": "D",
        "anime": "歡迎來到實力至上主義的教室",
        "stats": {
            "hp": [],
            "str": [],
            "def": [],
            "agi": []
        }
    },
    {
        "id": 14,
        "name": "長谷部波瑠加",
        "filename": "長谷部 波瑠加.png",
        "drive_id": "1EsAsaNuDT0bDHPTFiWNx0Lu2KRiPbF1V",
        "tier": "D",
        "anime": "歡迎來到實力至上主義的教室",
        "stats": {
            "hp": [],
            "str": [],
            "def": [],
            "agi": []
        }
    },
    {
        "id": 15,
        "name": "幸村輝彥",
        "filename": "幸村.png",
        "drive_id": "1olvPDknhLLGawkPxKDhfN86uKHTzMUOi",
        "tier": "D",
        "anime": "歡迎來到實力至上主義的教室",
        "stats": {
            "hp": [],
            "str": [],
            "def": [],
            "agi": []
        }
    },
    {
        "id": 16,
        "name": "龍園翔",
        "filename": "龍園.png",
        "drive_id": "14Z8l1DvMZbEyoJvm_a52q5sAit0Zu3IT",
        "tier": "B",
        "anime": "歡迎來到實力至上主義的教室",
        "stats": {
            "hp": [],
            "str": [],
            "def": [],
            "agi": []
        }
    },
    {
        "id": 17,
        "name": "神崎隆二",
        "filename": "神崎.png",
        "drive_id": "1bWUTLeqbAwLB_-yTy-OsjJhcBO-gCmpd",
        "tier": "D",
        "anime": "歡迎來到實力至上主義的教室",
        "stats": {
            "hp": [],
            "str": [],
            "def": [],
            "agi": []
        }
    },
    {
        "id": 18,
        "name": "葛城康平",
        "filename": "葛城康平.png",
        "drive_id": "1B1rdn3lUDhzvkwF3EyVarUDw2YX2WMdr",
        "tier": "D",
        "anime": "歡迎來到實力至上主義的教室",
        "stats": {
            "hp": [],
            "str": [],
            "def": [],
            "agi": []
        }
    },
    {
        "id": 19,
        "name": "王美雨",
        "filename": "王美雨.png",
        "drive_id": "1ExbtE42jzpZL3eVUnN6st3MdTjcIy4k8",
        "tier": "D",
        "anime": "歡迎來到實力至上主義的教室",
        "stats": {
            "hp": [],
            "str": [],
            "def": [],
            "agi": []
        }
    },
    {
        "id": 20,
        "name": "佐藤麻耶",
        "filename": "佐藤 麻耶.png",
        "drive_id": "16y_M_MY2LV-b098U3CyBB-zGZxViVmIm",
        "tier": "D",
        "anime": "歡迎來到實力至上主義的教室",
        "stats": {
            "hp": [],
            "str": [],
            "def": [],
            "agi": []
        }
    },
    {
        "id": 21,
        "name": "山內春樹",
        "filename": "山內.png",
        "drive_id": "1_LieP3lp7kRYaHxEkg2E9aq9t8uoEiVX",
        "tier": "D",
        "anime": "歡迎來到實力至上主義的教室",
        "stats": {
            "hp": [],
            "str": [],
            "def": [],
            "agi": []
        }
    },
    {
        "id": 22,
        "name": "須藤健",
        "filename": "須藤健.png",
        "drive_id": "1jbp7xmWMSHCpN5pLm53AgPFVsY9Hm-WT",
        "tier": "C",
        "anime": "歡迎來到實力至上主義的教室",
        "stats": {
            "hp": [],
            "str": [],
            "def": [],
            "agi": []
        }
    },
    {
        "id": 23,
        "name": "高圓寺六助",
        "filename": "高圓寺.png",
        "drive_id": "1bLBsycWKPStL93lnDsRIdyfN-NatvqQS",
        "tier": "C",
        "anime": "歡迎來到實力至上主義的教室",
        "stats": {
            "hp": [],
            "str": [],
            "def": [],
            "agi": []
        }
    },
    {
        "id": 24,
        "name": "佐倉愛里",
        "filename": "佐倉愛里.png",
        "drive_id": "1fMmfzywxX8lNGETiiujnbRVl6h5oFeZY",
        "tier": "C",
        "anime": "歡迎來到實力至上主義的教室",
        "stats": {
            "hp": [],
            "str": [],
            "def": [],
            "agi": []
        }
    },
    {
        "id": 25,
        "name": "平田洋介",
        "filename": "平田.png",
        "drive_id": "1TsdhWV2F_47qLNv2xqVZDrMlp6V8lym-",
        "tier": "C",
        "anime": "歡迎來到實力至上主義的教室",
        "stats": {
            "hp": [],
            "str": [],
            "def": [],
            "agi": []
        }
    },
    {
        "id": 26,
        "name": "伊井野彌子",
        "filename": "彌子.png",
        "drive_id": "1oUXqIxJK6Eq-A9RJH95TzptXzslF7PzY",
        "tier": "A",
        "anime": "輝夜姬想讓人告白天才們的戀愛頭腦戰",
        "stats": {
            "hp": [],
            "str": [],
            "def": [],
            "agi": []
        }
    },
    {
        "id": 27,
        "name": "白銀圭",
        "filename": "圭.png",
        "drive_id": "1N0o5vKkZPdasI1Qsmg-oY-tFGdEbjWT2",
        "tier": "A",
        "anime": "輝夜姬想讓人告白天才們的戀愛頭腦戰",
        "stats": {
            "hp": [],
            "str": [],
            "def": [],
            "agi": []
        }
    },
    {
        "id": 28,
        "name": "田沼翼",
        "filename": "田沼翼.png",
        "drive_id": "1jdYFslZMP-XEn57tVwS10Tb-_VpW1k2Y",
        "tier": "D",
        "anime": "輝夜姬想讓人告白天才們的戀愛頭腦戰",
        "stats": {
            "hp": [],
            "str": [],
            "def": [],
            "agi": []
        }
    },
    {
        "id": 29,
        "name": "柏木渚",
        "filename": "柏木渚.png",
        "drive_id": "1k8SRfkuvDe8GkMnXoDUYE9CI5fJZmdCu",
        "tier": "D",
        "anime": "輝夜姬想讓人告白天才們的戀愛頭腦戰",
        "stats": {
            "hp": [],
            "str": [],
            "def": [],
            "agi": []
        }
    },
    {
        "id": 30,
        "name": "大佛小鉢",
        "filename": "大佛.png",
        "drive_id": "1XbFYTJKE2EWURN8IhqEtJopO-ukJmxgh",
        "tier": "D",
        "anime": "輝夜姬想讓人告白天才們的戀愛頭腦戰",
        "stats": {
            "hp": [],
            "str": [],
            "def": [],
            "agi": []
        }
    },
    {
        "id": 31,
        "name": "吉爾伽美什",
        "filename": "吉爾伽美什.png",
        "drive_id": "1knutGzUqg1yg3gvhxHGnoHZyHLYq4arQ",
        "tier": "A",
        "anime": "Fate",
        "stats": {
            "hp": [],
            "str": [],
            "def": [],
            "agi": []
        }
    },
    {
        "id": 32,
        "name": "溶解莉莉絲",
        "filename": "溶解莉莉絲.png",
        "drive_id": "1aYYWVWkQSK-yvcbvvtgt1JzXby-I7PRh",
        "tier": "A",
        "anime": "Fate",
        "stats": {
            "hp": [],
            "str": [],
            "def": [],
            "agi": []
        }
    },
    {
        "id": 33,
        "name": "伊莉亞絲菲爾‧馮‧艾因茲貝倫",
        "filename": "伊莉亞絲菲爾‧馮‧艾因茲貝倫.png",
        "drive_id": "18yDIGRL5tptAs7Jfdot0BRNPrPBakRoW",
        "tier": "A",
        "anime": "Fate",
        "stats": {
            "hp": [],
            "str": [],
            "def": [],
            "agi": []
        }
    },
    {
        "id": 34,
        "name": "阿爾托莉雅·潘德拉貢 Alter",
        "filename": "阿爾托莉雅·潘德拉貢 Alter.png",
        "drive_id": "1KDEovGHF9NzFvuRye4Lg5iiaxj40Z2ux",
        "tier": "A",
        "anime": "Fate",
        "stats": {
            "hp": [],
            "str": [],
            "def": [],
            "agi": []
        }
    },
    {
        "id": 35,
        "name": "卡蓮·奧爾黛西亞",
        "filename": "卡蓮·奧爾黛西亞.png",
        "drive_id": "19oTXiTXRXXyZ_3lOHHbtS-KnDmts1eab",
        "tier": "B",
        "anime": "Fate",
        "stats": {
            "hp": [],
            "str": [],
            "def": [],
            "agi": []
        }
    },
    {
        "id": 36,
        "name": "藤村大河",
        "filename": "藤村大河.png",
        "drive_id": "1v7LB4el0UC6vRCKtpDB-P9M4EPzB6j4X",
        "tier": "D",
        "anime": "Fate",
        "stats": {
            "hp": [],
            "str": [],
            "def": [],
            "agi": []
        }
    },
    {
        "id": 37,
        "name": "吉爾·德·雷",
        "filename": "吉爾·德·雷.png",
        "drive_id": "14akcthFAk9i9YEOmV_xtVne0n7pskA8T",
        "tier": "D",
        "anime": "Fate",
        "stats": {
            "hp": [],
            "str": [],
            "def": [],
            "agi": []
        }
    },
    {
        "id": 38,
        "name": "言峰綺禮",
        "filename": "言峰綺禮.png",
        "drive_id": "1yNj1xTMZHjbdZlidx1labKzxPy01NTgd",
        "tier": "C",
        "anime": "Fate",
        "stats": {
            "hp": [],
            "str": [],
            "def": [],
            "agi": []
        }
    },
    {
        "id": 39,
        "name": "藍路君",
        "filename": "藍路君.png",
        "drive_id": "13LZ4sEfSWZLc4I_-O2fCVLDpSNV7N-4M",
        "tier": "D",
        "anime": "Fate",
        "stats": {
            "hp": [],
            "str": [],
            "def": [],
            "agi": []
        }
    },
    {
        "id": 40,
        "name": "弗拉德三世",
        "filename": "弗拉德三世.png",
        "drive_id": "17bf7YcsEsdq_HkR7Z2A5xkyv-JLB84Co",
        "tier": "C",
        "anime": "Fate",
        "stats": {
            "hp": [],
            "str": [],
            "def": [],
            "agi": []
        }
    },
    {
        "id": 41,
        "name": "丹·布拉克摩亞",
        "filename": "丹·布拉克摩亞.png",
        "drive_id": "1KOsvtohE7zLUFsVhx0-VsQwpg_cSuJRP",
        "tier": "B",
        "anime": "Fate",
        "stats": {
            "hp": [],
            "str": [],
            "def": [],
            "agi": []
        }
    },
    {
        "id": 42,
        "name": "呂布奉先",
        "filename": "呂布奉先.png",
        "drive_id": "1eOsC9bN6S4m0oioemuebOyosc0UI-0HS",
        "tier": "D",
        "anime": "Fate",
        "stats": {
            "hp": [],
            "str": [],
            "def": [],
            "agi": []
        }
    },
    {
        "id": 43,
        "name": "羅賓漢",
        "filename": "羅賓漢.png",
        "drive_id": "1kOaEfkKZQ2mssffwO7kRg34GA92zHlfs",
        "tier": "D",
        "anime": "Fate",
        "stats": {
            "hp": [],
            "str": [],
            "def": [],
            "agi": []
        }
    },
    {
        "id": 44,
        "name": "弗朗西斯·德雷克",
        "filename": "弗朗西斯·德雷克.png",
        "drive_id": "1EII_Cc7TNJ5IvcD05CQyoeceDdSjUxYX",
        "tier": "C",
        "anime": "Fate",
        "stats": {
            "hp": [],
            "str": [],
            "def": [],
            "agi": []
        }
    },
    {
        "id": 45,
        "name": "雷欧纳多·比斯塔里奥·哈维",
        "filename": "雷欧纳多·比斯塔里奥·哈维.png",
        "drive_id": "10lxqOXf6bt1BwuqYESpzY7yDuXyJwHqD",
        "tier": "C",
        "anime": "Fate",
        "stats": {
            "hp": [],
            "str": [],
            "def": [],
            "agi": []
        }
    },
    {
        "id": 46,
        "name": "吉娜可·加里吉利",
        "filename": "吉娜可·加里吉利.png",
        "drive_id": "15wUKphiEcCsjAMw21GAnxj8Exjf85jQZ",
        "tier": "C",
        "anime": "Fate",
        "stats": {
            "hp": [],
            "str": [],
            "def": [],
            "agi": []
        }
    },
    {
        "id": 47,
        "name": "高文",
        "filename": "高文.png",
        "drive_id": "1YKwA4A8cwILNpJLBNqePYiqqkrM0F2Wh",
        "tier": "C",
        "anime": "Fate",
        "stats": {
            "hp": [],
            "str": [],
            "def": [],
            "agi": []
        }
    },
    {
        "id": 48,
        "name": "岸波白野",
        "filename": "岸波白野.png",
        "drive_id": "1xtedgPmL8Eo5xFjYzAb5y44SYMKyMEEH",
        "tier": "B",
        "anime": "Fate",
        "stats": {
            "hp": [],
            "str": [],
            "def": [],
            "agi": []
        }
    },
    {
        "id": 49,
        "name": "衛宮士郎Archer",
        "filename": "衛宮士郎.png",
        "drive_id": "1fWahCeWLrNKqRmKDkCaJ8drwVduTE8A0",
        "tier": "B",
        "anime": "Fate",
        "stats": {
            "hp": [],
            "str": [],
            "def": [],
            "agi": []
        }
    },
    {
        "id": 50,
        "name": "拉尼Ⅷ",
        "filename": "拉尼Ⅷ.png",
        "drive_id": "1_C7E2vpNwhi3g04X9za59Noubf26hDwh",
        "tier": "C",
        "anime": "Fate",
        "stats": {
            "hp": [],
            "str": [],
            "def": [],
            "agi": []
        }
    },
    {
        "id": 51,
        "name": "玉藻前",
        "filename": "玉藻前.png",
        "drive_id": "1IkSHYYU3ywj1QYSCUSWyGce1a8zIk1GG",
        "tier": "B",
        "anime": "Fate",
        "stats": {
            "hp": [],
            "str": [],
            "def": [],
            "agi": []
        }
    },
    {
        "id": 52,
        "name": "伊莉莎白·巴托里",
        "filename": "伊莉莎白·巴托里.png",
        "drive_id": "1La0NOufUUdqex3-SDjqL1_c7VeCRRvLI",
        "tier": "C",
        "anime": "Fate",
        "stats": {
            "hp": [],
            "str": [],
            "def": [],
            "agi": []
        }
    },
    {
        "id": 53,
        "name": "尼祿·克勞狄烏斯",
        "filename": "尼祿·克勞狄烏斯.png",
        "drive_id": "1xc3C6DTz0bTLL3R8DhoKnBRrAjCGSzv5",
        "tier": "B",
        "anime": "Fate",
        "stats": {
            "hp": [],
            "str": [],
            "def": [],
            "agi": []
        }
    },
    {
        "id": 54,
        "name": "雨生龍之介",
        "filename": "雨生龍之介.png",
        "drive_id": "1yXpBwAI_nuOaFPZzQi3l0L30aNhKfZlU",
        "tier": "C",
        "anime": "Fate",
        "stats": {
            "hp": [],
            "str": [],
            "def": [],
            "agi": []
        }
    },
    {
        "id": 55,
        "name": "巴澤特·弗拉加·麥克雷米茲",
        "filename": "巴澤特·弗拉加·麥克雷米茲.png",
        "drive_id": "16NmKiDfllU8GAWZyAL25-ud0U8bjqh3v",
        "tier": "B",
        "anime": "Fate",
        "stats": {
            "hp": [],
            "str": [],
            "def": [],
            "agi": []
        }
    },
    {
        "id": 56,
        "name": "間桐慎二",
        "filename": "間桐慎二.png",
        "drive_id": "1D2RJQsW5ta1a_b8gXGna5cnm-smNraIY",
        "tier": "B",
        "anime": "Fate",
        "stats": {
            "hp": [],
            "str": [],
            "def": [],
            "agi": []
        }
    },
    {
        "id": 57,
        "name": "安哥拉曼紐",
        "filename": "安哥拉曼紐.png",
        "drive_id": "1rKntjQZ8RgA1uZ1V8LsfP2IlyZWrIXvz",
        "tier": "C",
        "anime": "Fate",
        "stats": {
            "hp": [],
            "str": [],
            "def": [],
            "agi": []
        }
    },
    {
        "id": 58,
        "name": "間桐櫻",
        "filename": "間桐櫻.png",
        "drive_id": "1w2vz_4nMvD-3MC9vnxob99hHXaPc1LNA",
        "tier": "B",
        "anime": "Fate",
        "stats": {
            "hp": [],
            "str": [],
            "def": [],
            "agi": []
        }
    },
    {
        "id": 59,
        "name": "間桐雁夜",
        "filename": "間桐雁夜.png",
        "drive_id": "1yonbVKDi3nFI6kqvlyFMDcZwN8hoHkXL",
        "tier": "C",
        "anime": "Fate",
        "stats": {
            "hp": [],
            "str": [],
            "def": [],
            "agi": []
        }
    },
    {
        "id": 60,
        "name": "葛木宗一郎",
        "filename": "葛木宗一郎.png",
        "drive_id": "1ms23DgT1s3CDHFEHdwTzk6CmjYRyt6SZ",
        "tier": "C",
        "anime": "Fate",
        "stats": {
            "hp": [],
            "str": [],
            "def": [],
            "agi": []
        }
    },
    {
        "id": 61,
        "name": "蘭斯洛特",
        "filename": "蘭斯洛特.png",
        "drive_id": "1U-nDbDTW-_fCFGlpjGtLONsWg_rutzni",
        "tier": "D",
        "anime": "Fate",
        "stats": {
            "hp": [],
            "str": [],
            "def": [],
            "agi": []
        }
    },
    {
        "id": 62,
        "name": "韋伯·維爾維特",
        "filename": "韋伯·維爾維特.png",
        "drive_id": "1JV97x_hJdmNWlbqzCUhbQ3L6anWJsWG0",
        "tier": "B",
        "anime": "Fate",
        "stats": {
            "hp": [],
            "str": [],
            "def": [],
            "agi": []
        }
    },
    {
        "id": 63,
        "name": "間桐臟硯",
        "filename": "間桐臟硯.png",
        "drive_id": "1djfLMTAqsp3DIcU5pvsiznEv5ARcefvZ",
        "tier": "D",
        "anime": "Fate",
        "stats": {
            "hp": [],
            "str": [],
            "def": [],
            "agi": []
        }
    },
    {
        "id": 64,
        "name": "伊斯坎達爾",
        "filename": "伊斯坎達爾.png",
        "drive_id": "1M-ROn4EARHJKkEFibAARBDMp-vCuHQ_M",
        "tier": "B",
        "anime": "Fate",
        "stats": {
            "hp": [],
            "str": [],
            "def": [],
            "agi": []
        }
    },
    {
        "id": 65,
        "name": "肯尼斯·埃爾梅羅·阿奇博爾德",
        "filename": "肯尼斯·埃爾梅羅·阿奇博爾德.png",
        "drive_id": "17XCFVTeVFjWLrv4nXyG7NAfPoOGMPh8z",
        "tier": "C",
        "anime": "Fate",
        "stats": {
            "hp": [],
            "str": [],
            "def": [],
            "agi": []
        }
    },
    {
        "id": 66,
        "name": "哈桑·薩巴赫",
        "filename": "哈桑·薩巴赫.png",
        "drive_id": "18uXnoouGbb0Rl4rcFH5twgsVXB9IGoic",
        "tier": "C",
        "anime": "Fate",
        "stats": {
            "hp": [],
            "str": [],
            "def": [],
            "agi": []
        }
    },
    {
        "id": 67,
        "name": "迪盧木多·奧迪那",
        "filename": "迪盧木多·奧迪那.png",
        "drive_id": "1GI7-9ChDsXmjP_QMRVuu3z2gVa68imdt",
        "tier": "C",
        "anime": "Fate",
        "stats": {
            "hp": [],
            "str": [],
            "def": [],
            "agi": []
        }
    },
    {
        "id": 68,
        "name": "佐佐木小次郎",
        "filename": "佐佐木小次郎.png",
        "drive_id": "1D2oKFSdM3O_QmCM-sZpiVN_8IqjeViJO",
        "tier": "C",
        "anime": "Fate",
        "stats": {
            "hp": [],
            "str": [],
            "def": [],
            "agi": []
        }
    },
    {
        "id": 69,
        "name": "遠坂時臣",
        "filename": "遠坂時臣.png",
        "drive_id": "1VxNHnCJjNEIJQB358FPS6F64y6IwkuAx",
        "tier": "C",
        "anime": "Fate",
        "stats": {
            "hp": [],
            "str": [],
            "def": [],
            "agi": []
        }
    },
    {
        "id": 70,
        "name": "衛宮切嗣",
        "filename": "衛宮切嗣.png",
        "drive_id": "1Raxn6GCbBjWtc7v4z6JFBYd2w9BcxRsO",
        "tier": "B",
        "anime": "Fate",
        "stats": {
            "hp": [],
            "str": [],
            "def": [],
            "agi": []
        }
    },
    {
        "id": 71,
        "name": "美狄亞",
        "filename": "美狄亞.png",
        "drive_id": "160-VcUgHVxCwjMqLs8Js3YUICadmqdpP",
        "tier": "C",
        "anime": "Fate",
        "stats": {
            "hp": [],
            "str": [],
            "def": [],
            "agi": []
        }
    },
    {
        "id": 72,
        "name": "赫拉克勒斯",
        "filename": "赫拉克勒斯.png",
        "drive_id": "1eNN9g7S-RHQXnb1k0PiJFN1xoa-Mnf70",
        "tier": "B",
        "anime": "Fate",
        "stats": {
            "hp": [],
            "str": [],
            "def": [],
            "agi": []
        }
    },
    {
        "id": 73,
        "name": "庫丘林",
        "filename": "库丘林.png",
        "drive_id": "1Y6g_yWOEjmZCGUGZzzvZGyrJxzT8R-Dp",
        "tier": "B",
        "anime": "Fate",
        "stats": {
            "hp": [],
            "str": [],
            "def": [],
            "agi": []
        }
    },
    {
        "id": 74,
        "name": "路哥",
        "filename": "綾小路清隆.gif",
        "drive_id": "1Ft5oH4iO1cZhn8X-EkipIr0kck5oKL8z",
        "tier": "S",
        "anime": "歡迎來到實力至上主義的教室",
        "stats": {
            "hp": [],
            "str": [],
            "def": [],
            "agi": []
        }
    },
    {
        "id": 75,
        "name": "休比",
        "filename": "休比.png",
        "drive_id": "1JI-73xU86K7bMOnJ9O23YET1lnPX_8BV",
        "tier": "A",
        "anime": "NO GAME NO LIFE 遊戲人生",
        "stats": {
            "hp": [],
            "str": [],
            "def": [],
            "agi": []
        }
    },
    {
        "id": 76,
        "name": "里克",
        "filename": "里克.png",
        "drive_id": "1bW4IxxA6C5SJ9feP-SS5olC4YjMSeZOD",
        "tier": "A",
        "anime": "NO GAME NO LIFE 遊戲人生",
        "stats": {
            "hp": [],
            "str": [],
            "def": [],
            "agi": []
        }
    },
    {
        "id": 77,
        "name": "吉普莉爾",
        "filename": "吉普莉爾.png",
        "drive_id": "1Sj8MOidIL-RVF_fs-wgrWRxj0kRxDo_M",
        "tier": "A",
        "anime": "NO GAME NO LIFE 遊戲人生",
        "stats": {
            "hp": [],
            "str": [],
            "def": [],
            "agi": []
        }
    },
    {
        "id": 78,
        "name": "克拉米·傑爾",
        "filename": "克拉米·傑爾.png",
        "drive_id": "1Za0oF4t0oIZQcW4Fhir5QLSvIlZqyVzW",
        "tier": "C",
        "anime": "NO GAME NO LIFE 遊戲人生",
        "stats": {
            "hp": [],
            "str": [],
            "def": [],
            "agi": []
        }
    },
    {
        "id": 79,
        "name": "史蒂芬妮·多拉",
        "filename": "史蒂芬妮·多拉.png",
        "drive_id": "1i5UMEJt-Ce4KFZy5_bFG6tuKt0IgyUJt",
        "tier": "C",
        "anime": "NO GAME NO LIFE 遊戲人生",
        "stats": {
            "hp": [],
            "str": [],
            "def": [],
            "agi": []
        }
    },
    {
        "id": 80,
        "name": "阿茲莉爾",
        "filename": "阿茲莉爾.png",
        "drive_id": "1g3kmj6rmMqkzpllHbNyUZiBZrSwbAHqK",
        "tier": "C",
        "anime": "NO GAME NO LIFE 遊戲人生",
        "stats": {
            "hp": [],
            "str": [],
            "def": [],
            "agi": []
        }
    },
    {
        "id": 81,
        "name": "初瀨伊綱",
        "filename": "伊綱.png",
        "drive_id": "1_lM7dsxHmmcTekaZq_DLOGcJ4tbTmTOM",
        "tier": "C",
        "anime": "NO GAME NO LIFE 遊戲人生",
        "stats": {
            "hp": [],
            "str": [],
            "def": [],
            "agi": []
        }
    },
    {
        "id": 82,
        "name": "菲爾·尼爾巴連",
        "filename": "菲爾·尼爾巴連.png",
        "drive_id": "1UG_l7vQPetwLXIoY4NixG53wuXwPwYhX",
        "tier": "C",
        "anime": "NO GAME NO LIFE 遊戲人生",
        "stats": {
            "hp": [],
            "str": [],
            "def": [],
            "agi": []
        }
    },
    {
        "id": 83,
        "name": "萊拉",
        "filename": "萊拉.png",
        "drive_id": "1vZTHSQun3C94IQ0pVdXkiDbTDVYUmTQ2",
        "tier": "D",
        "anime": "NO GAME NO LIFE 遊戲人生",
        "stats": {
            "hp": [],
            "str": [],
            "def": [],
            "agi": []
        }
    },
    {
        "id": 84,
        "name": "初瀨伊野",
        "filename": "伊野.png",
        "drive_id": "1Jq8rbvbc9i_Qb6AjEFrvtzC1Xsa1KwE9",
        "tier": "D",
        "anime": "NO GAME NO LIFE 遊戲人生",
        "stats": {
            "hp": [],
            "str": [],
            "def": [],
            "agi": []
        }
    },
    {
        "id": 85,
        "name": "巫女",
        "filename": "巫女.png",
        "drive_id": "1EKQEoKgDh5TYpl5W7l4UmKAYaZRqyavR",
        "tier": "D",
        "anime": "NO GAME NO LIFE 遊戲人生",
        "stats": {
            "hp": [],
            "str": [],
            "def": [],
            "agi": []
        }
    },
    {
        "id": 86,
        "name": "辛克·尼爾巴連",
        "filename": "辛克·尼爾巴連.png",
        "drive_id": "1PqbWL7K9Odjjxz4Rx4zcWlTy1buhFdWO",
        "tier": "D",
        "anime": "NO GAME NO LIFE 遊戲人生",
        "stats": {
            "hp": [],
            "str": [],
            "def": [],
            "agi": []
        }
    },
    {
        "id": 87,
        "name": "迦爾納",
        "filename": "迦爾納.png",
        "drive_id": "1JyMNfSaXIOf5oAXK7wesLAIdG4HpfSsY",
        "tier": "A",
        "anime": "fate",
        "stats": {
            "hp": [],
            "str": [],
            "def": [],
            "agi": []
        }
    },
    {
        "id": 88,
        "name": "四宮輝夜",
        "filename": "四宮輝夜.gif",
        "drive_id": "17wdMUiqqlZ_Kb4OZ2QLKKTWLRS2LW47l",
        "tier": "S",
        "anime": "輝夜姬想讓人告白天才們的戀愛頭腦戰",
        "stats": {
            "hp": [],
            "str": [],
            "def": [],
            "agi": []
        }
    }
    ,
    {
        "id": 89,
        "name": "綾小路清隆與輕井澤惠",
        "filename": "綾小路清隆與輕井澤惠.gif",
        "drive_id": "1u9SQwWGkPYJJjX0INwvSmvhtX_tQKEUk",
        "tier": "S",
        "anime": "歡迎來到實力至上主義的教室",
        "stats": {
            "hp": [],
            "str": [],
            "def": [],
            "agi": []
        }
    }
    
]
