{
    "main_folder": "14D1LHBKzSt9mUGILC1kuCc30_KL0ffZq",
    "sub_folders": [
        "1ex7GfjZ3F8VdPeHz00LwwN7Mp02gq_Qe",
        "1IovB33tPph3ypjlAoO6rOM_8knCilrZO",
        "1QwLRaMuiG_HMVsHpE2VqhP77qjnmzMvW",
        "1YNkJL3yXXs8FIZvIUurGUraL_7D6caOW",
        "1SvTcRPi2KmUZDyjGTFXKOu0qLWIVzkjs"
    ],
    "cards": [
        {
            "id": 0,
            "name": "平田",
            "drive_id": "1TsdhWV2F_47qLNv2xqVZDrMlp6V8lym-",
            "format": "png"
        },
        {
            "id": 1,
            "name": "佐倉愛里",
            "drive_id": "1fMmfzywxX8lNGETiiujnbRVl6h5oFeZY",
            "format": "png"
        },
        {
            "id": 2,
            "name": "高圓寺",
            "drive_id": "1bLBsycWKPStL93lnDsRIdyfN-NatvqQS",
            "format": "png"
        },
        {
            "id": 3,
            "name": "須藤健",
            "drive_id": "1jbp7xmWMSHCpN5pLm53AgPFVsY9Hm-WT",
            "format": "png"
        },
        {
            "id": 4,
            "name": "山內",
            "drive_id": "1_LieP3lp7kRYaHxEkg2E9aq9t8uoEiVX",
            "format": "png"
        },
        {
            "id": 5,
            "name": "佐藤 麻耶",
            "drive_id": "16y_M_MY2LV-b098U3CyBB-zGZxViVmIm",
            "format": "png"
        },
        {
            "id": 6,
            "name": "王美雨",
            "drive_id": "1ExbtE42jzpZL3eVUnN6st3MdTjcIy4k8",
            "format": "png"
        },
        {
            "id": 7,
            "name": "葛城康平",
            "drive_id": "1B1rdn3lUDhzvkwF3EyVarUDw2YX2WMdr",
            "format": "png"
        },
        {
            "id": 8,
            "name": "神崎",
            "drive_id": "1bWUTLeqbAwLB_-yTy-OsjJhcBO-gCmpd",
            "format": "png"
        },
        {
            "id": 9,
            "name": "龍園",
            "drive_id": "14Z8l1DvMZbEyoJvm_a52q5sAit0Zu3IT",
            "format": "png"
        },
        {
            "id": 10,
            "name": "幸村",
            "drive_id": "1olvPDknhLLGawkPxKDhfN86uKHTzMUOi",
            "format": "png"
        },
        {
            "id": 11,
            "name": "長谷部 波瑠加",
            "drive_id": "1EsAsaNuDT0bDHPTFiWNx0Lu2KRiPbF1V",
            "format": "png"
        },
        {
            "id": 12,
            "name": "池",
            "drive_id": "1Aog5ce3fnNh-JBAL-wyKeeS1zDURGMu-",
            "format": "png"
        },
        {
            "id": 13,
            "name": "伊吹",
            "drive_id": "1-zfsRJOJeQ8fGp0dAzgxXOvYQHpvdmYK",
            "format": "png"
        },
        {
            "id": 14,
            "name": "堀北學",
            "drive_id": "17jDif5MPhG0z0ZRuyaPQySVjjFhY3POr",
            "format": "png"
        },
        {
            "id": 15,
            "name": "橘茜",
            "drive_id": "1jqyeI9XDFA4rEc4bstIDXOfWKxc5BYCN",
            "format": "png"
        },
        {
            "id": 16,
            "name": "星之宮知惠",
            "drive_id": "1m2gCMHtrjHaFLgWFM08gscFS86pUXt6I",
            "format": "png"
        },
        {
            "id": 17,
            "name": "茶柱 佐枝",
            "drive_id": "1IlKlgzRJjSqpqPa1tay0ewbyUThi1D8W",
            "format": "png"
        },
        {
            "id": 18,
            "name": "三宅明人",
            "drive_id": "1lYhFV9geoNFZGs_3ykOyQcshO8wmHCZZ",
            "format": "png"
        },
        {
            "id": 19,
            "name": "神室",
            "drive_id": "1UzrXreT2Cl2Ned8ziyjGN-eSLkTf7N5S",
            "format": "png"
        },
        {
            "id": 20,
            "name": "橋本",
            "drive_id": "1c1T_Ep6X9UycGpWcCE82hCMbf3Vqo4rM",
            "format": "png"
        },
        {
            "id": 21,
            "name": "惠",
            "drive_id": "11IBltZSg7TcwrGp105MqAOg_zwi6PyMA",
            "format": "png"
        },
        {
            "id": 22,
            "name": "鈴音",
            "drive_id": "1Mf-o2RFJLlVdGg9BDVon_xrVwZdZGIyd",
            "format": "png"
        },
        {
            "id": 23,
            "name": "坂柳",
            "drive_id": "1_U93df1DTuQBDVYH8WxLbvcShV8G0lhf",
            "format": "png"
        },
        {
            "id": 24,
            "name": "一之瀨",
            "drive_id": "1MV8P587z3HDLd9hVoyaTnEaqdA76crka",
            "format": "png"
        },
        {
            "id": 25,
            "name": "大佛",
            "drive_id": "1XbFYTJKE2EWURN8IhqEtJopO-ukJmxgh",
            "format": "png"
        },
        {
            "id": 26,
            "name": "柏木渚",
            "drive_id": "1k8SRfkuvDe8GkMnXoDUYE9CI5fJZmdCu",
            "format": "png"
        },
        {
            "id": 27,
            "name": "田沼翼",
            "drive_id": "1jdYFslZMP-XEn57tVwS10Tb-_VpW1k2Y",
            "format": "png"
        },
        {
            "id": 28,
            "name": "櫛田",
            "drive_id": "16y3e5afNrqepEXrml8rO_ySyi9ybv327",
            "format": "png"
        },
        {
            "id": 29,
            "name": "圭",
            "drive_id": "1N0o5vKkZPdasI1Qsmg-oY-tFGdEbjWT2",
            "format": "png"
        },
        {
            "id": 30,
            "name": "彌子",
            "drive_id": "1oUXqIxJK6Eq-A9RJH95TzptXzslF7PzY",
            "format": "png"
        },
        {
            "id": 31,
            "name": "辛克·尼爾巴連",
            "drive_id": "1PqbWL7K9Odjjxz4Rx4zcWlTy1buhFdWO",
            "format": "png"
        },
        {
            "id": 32,
            "name": "巫女",
            "drive_id": "1EKQEoKgDh5TYpl5W7l4UmKAYaZRqyavR",
            "format": "png"
        },
        {
            "id": 33,
            "name": "伊野",
            "drive_id": "1Jq8rbvbc9i_Qb6AjEFrvtzC1Xsa1KwE9",
            "format": "png"
        },
        {
            "id": 34,
            "name": "萊拉",
            "drive_id": "1vZTHSQun3C94IQ0pVdXkiDbTDVYUmTQ2",
            "format": "png"
        },
        {
            "id": 35,
            "name": "菲爾·尼爾巴連",
            "drive_id": "1UG_l7vQPetwLXIoY4NixG53wuXwPwYhX",
            "format": "png"
        },
        {
            "id": 36,
            "name": "伊綱",
            "drive_id": "1_lM7dsxHmmcTekaZq_DLOGcJ4tbTmTOM",
            "format": "png"
        },
        {
            "id": 37,
            "name": "阿茲莉爾",
            "drive_id": "1g3kmj6rmMqkzpllHbNyUZiBZrSwbAHqK",
            "format": "png"
        },
        {
            "id": 38,
            "name": "史蒂芬妮·多拉",
            "drive_id": "1i5UMEJt-Ce4KFZy5_bFG6tuKt0IgyUJt",
            "format": "png"
        },
        {
            "id": 39,
            "name": "克拉米·傑爾",
            "drive_id": "1Za0oF4t0oIZQcW4Fhir5QLSvIlZqyVzW",
            "format": "png"
        },
        {
            "id": 40,
            "name": "吉普莉爾",
            "drive_id": "1Sj8MOidIL-RVF_fs-wgrWRxj0kRxDo_M",
            "format": "png"
        },
        {
            "id": 41,
            "name": "库丘林",
            "drive_id": "1Y6g_yWOEjmZCGUGZzzvZGyrJxzT8R-Dp",
            "format": "png"
        },
        {
            "id": 42,
            "name": "赫拉克勒斯",
            "drive_id": "1eNN9g7S-RHQXnb1k0PiJFN1xoa-Mnf70",
            "format": "png"
        },
        {
            "id": 43,
            "name": "美狄亞",
            "drive_id": "160-VcUgHVxCwjMqLs8Js3YUICadmqdpP",
            "format": "png"
        },
        {
            "id": 44,
            "name": "衛宮切嗣",
            "drive_id": "1Raxn6GCbBjWtc7v4z6JFBYd2w9BcxRsO",
            "format": "png"
        },
        {
            "id": 45,
            "name": "遠坂時臣",
            "drive_id": "1VxNHnCJjNEIJQB358FPS6F64y6IwkuAx",
            "format": "png"
        },
        {
            "id": 46,
            "name": "佐佐木小次郎",
            "drive_id": "1D2oKFSdM3O_QmCM-sZpiVN_8IqjeViJO",
            "format": "png"
        },
        {
            "id": 47,
            "name": "迪盧木多·奧迪那",
            "drive_id": "1GI7-9ChDsXmjP_QMRVuu3z2gVa68imdt",
            "format": "png"
        },
        {
            "id": 48,
            "name": "哈桑·薩巴赫",
            "drive_id": "18uXnoouGbb0Rl4rcFH5twgsVXB9IGoic",
            "format": "png"
        },
        {
            "id": 49,
            "name": "肯尼斯·埃爾梅羅·阿奇博爾德",
            "drive_id": "17XCFVTeVFjWLrv4nXyG7NAfPoOGMPh8z",
            "format": "png"
        },
        {
            "id": 50,
            "name": "伊斯坎達爾",
            "drive_id": "1M-ROn4EARHJKkEFibAARBDMp-vCuHQ_M",
            "format": "png"
        },
        {
            "id": 51,
            "name": "間桐臟硯",
            "drive_id": "1djfLMTAqsp3DIcU5pvsiznEv5ARcefvZ",
            "format": "png"
        },
        {
            "id": 52,
            "name": "韋伯·維爾維特",
            "drive_id": "1JV97x_hJdmNWlbqzCUhbQ3L6anWJsWG0",
            "format": "png"
        },
        {
            "id": 53,
            "name": "蘭斯洛特",
            "drive_id": "1U-nDbDTW-_fCFGlpjGtLONsWg_rutzni",
            "format": "png"
        },
        {
            "id": 54,
            "name": "葛木宗一郎",
            "drive_id": "1ms23DgT1s3CDHFEHdwTzk6CmjYRyt6SZ",
            "format": "png"
        },
        {
            "id": 55,
            "name": "間桐雁夜",
            "drive_id": "1yonbVKDi3nFI6kqvlyFMDcZwN8hoHkXL",
            "format": "png"
        },
        {
            "id": 56,
            "name": "間桐櫻",
            "drive_id": "1w2vz_4nMvD-3MC9vnxob99hHXaPc1LNA",
            "format": "png"
        },
        {
            "id": 57,
            "name": "安哥拉曼紐",
            "drive_id": "1rKntjQZ8RgA1uZ1V8LsfP2IlyZWrIXvz",
            "format": "png"
        },
        {
            "id": 58,
            "name": "間桐慎二",
            "drive_id": "1D2RJQsW5ta1a_b8gXGna5cnm-smNraIY",
            "format": "png"
        },
        {
            "id": 59,
            "name": "巴澤特·弗拉加·麥克雷米茲",
            "drive_id": "16NmKiDfllU8GAWZyAL25-ud0U8bjqh3v",
            "format": "png"
        },
        {
            "id": 60,
            "name": "雨生龍之介",
            "drive_id": "1yXpBwAI_nuOaFPZzQi3l0L30aNhKfZlU",
            "format": "png"
        },
        {
            "id": 61,
            "name": "尼祿·克勞狄烏斯",
            "drive_id": "1xc3C6DTz0bTLL3R8DhoKnBRrAjCGSzv5",
            "format": "png"
        },
        {
            "id": 62,
            "name": "伊莉莎白·巴托里",
            "drive_id": "1La0NOufUUdqex3-SDjqL1_c7VeCRRvLI",
            "format": "png"
        },
        {
            "id": 63,
            "name": "玉藻前",
            "drive_id": "1IkSHYYU3ywj1QYSCUSWyGce1a8zIk1GG",
            "format": "png"
        },
        {
            "id": 64,
            "name": "拉尼Ⅷ",
            "drive_id": "1_C7E2vpNwhi3g04X9za59Noubf26hDwh",
            "format": "png"
        },
        {
            "id": 65,
            "name": "衛宮士郎",
            "drive_id": "1fWahCeWLrNKqRmKDkCaJ8drwVduTE8A0",
            "format": "png"
        },
        {
            "id": 66,
            "name": "岸波白野",
            "drive_id": "1xtedgPmL8Eo5xFjYzAb5y44SYMKyMEEH",
            "format": "png"
        },
        {
            "id": 67,
            "name": "高文",
            "drive_id": "1YKwA4A8cwILNpJLBNqePYiqqkrM0F2Wh",
            "format": "png"
        },
        {
            "id": 68,
            "name": "吉娜可·加里吉利",
            "drive_id": "15wUKphiEcCsjAMw21GAnxj8Exjf85jQZ",
            "format": "png"
        },
        {
            "id": 69,
            "name": "雷欧纳多·比斯塔里奥·哈维",
            "drive_id": "10lxqOXf6bt1BwuqYESpzY7yDuXyJwHqD",
            "format": "png"
        },
        {
            "id": 70,
            "name": "弗朗西斯·德雷克",
            "drive_id": "1EII_Cc7TNJ5IvcD05CQyoeceDdSjUxYX",
            "format": "png"
        },
        {
            "id": 71,
            "name": "羅賓漢",
            "drive_id": "1kOaEfkKZQ2mssffwO7kRg34GA92zHlfs",
            "format": "png"
        },
        {
            "id": 72,
            "name": "呂布奉先",
            "drive_id": "1eOsC9bN6S4m0oioemuebOyosc0UI-0HS",
            "format": "png"
        },
        {
            "id": 73,
            "name": "丹·布拉克摩亞",
            "drive_id": "1KOsvtohE7zLUFsVhx0-VsQwpg_cSuJRP",
            "format": "png"
        },
        {
            "id": 74,
            "name": "弗拉德三世",
            "drive_id": "17bf7YcsEsdq_HkR7Z2A5xkyv-JLB84Co",
            "format": "png"
        },
        {
            "id": 75,
            "name": "藍路君",
            "drive_id": "13LZ4sEfSWZLc4I_-O2fCVLDpSNV7N-4M",
            "format": "png"
        },
        {
            "id": 76,
            "name": "言峰綺禮",
            "drive_id": "1yNj1xTMZHjbdZlidx1labKzxPy01NTgd",
            "format": "png"
        },
        {
            "id": 77,
            "name": "吉爾·德·雷",
            "drive_id": "14akcthFAk9i9YEOmV_xtVne0n7pskA8T",
            "format": "png"
        },
        {
            "id": 78,
            "name": "藤村大河",
            "drive_id": "1v7LB4el0UC6vRCKtpDB-P9M4EPzB6j4X",
            "format": "png"
        },
        {
            "id": 79,
            "name": "卡蓮·奧爾黛西亞",
            "drive_id": "19oTXiTXRXXyZ_3lOHHbtS-KnDmts1eab",
            "format": "png"
        },
        {
            "id": 80,
            "name": "里克",
            "drive_id": "1bW4IxxA6C5SJ9feP-SS5olC4YjMSeZOD",
            "format": "png"
        },
        {
            "id": 81,
            "name": "休比",
            "drive_id": "1JI-73xU86K7bMOnJ9O23YET1lnPX_8BV",
            "format": "png"
        },
        {
            "id": 82,
            "name": "阿爾托莉雅·潘德拉貢 Alter",
            "drive_id": "1KDEovGHF9NzFvuRye4Lg5iiaxj40Z2ux",
            "format": "png"
        },
        {
            "id": 83,
            "name": "伊莉亞絲菲爾‧馮‧艾因茲貝倫",
            "drive_id": "18yDIGRL5tptAs7Jfdot0BRNPrPBakRoW",
            "format": "png"
        },
        {
            "id": 84,
            "name": "溶解莉莉絲",
            "drive_id": "1aYYWVWkQSK-yvcbvvtgt1JzXby-I7PRh",
            "format": "png"
        },
        {
            "id": 85,
            "name": "吉爾伽美什",
            "drive_id": "1knutGzUqg1yg3gvhxHGnoHZyHLYq4arQ",
            "format": "png"
        },
        {
            "id": 86,
            "name": "迦爾納",
            "drive_id": "1JyMNfSaXIOf5oAXK7wesLAIdG4HpfSsY",
            "format": "png"
        },
        {
            "id": 87,
            "name": "美杜莎",
            "drive_id": "1rjZVOnJ7IzdCfNSqj_ERWwiwvwkoGujb",
            "format": "png"
        },
        {
            "id": 88,
            "name": "綾小路清隆",
            "drive_id": "1Ft5oH4iO1cZhn8X-EkipIr0kck5oKL8z",
            "format": "gif"
        },
        {
            "id": 89,
            "name": "四宮輝夜",
            "drive_id": "17wdMUiqqlZ_Kb4OZ2QLKKTWLRS2LW47l",
            "format": "gif"
        },
        {
            "id": 90,
            "name": "綾小路清隆與輕井澤惠",
            "drive_id": "1u9SQwWGkPYJJjX0INwvSmvhtX_tQKEUk",
            "format": "gif"
        }
    ]
}