[
    {
        "title": "第一期製作人員招募",
        "content": "現在開啟第一期製作人員招募，製作人員的主要工作是為本機械人製作卡牌。製作的格式將放置於下面的資料檔裏，稍後會增加提交渠道供各位提交作品",
        "id": "0",
        "date": "01/01/2020"
    },
    {
        "title": "第2期製作人員招募",
        "content": "現在開啟第2期製作人員招募，製作人員的主要工作是為本機械人製作卡牌。製作的格式將放置於下面的資料檔裏，稍後會增加提交渠道供各位提交作品",
        "id": "1",
        "date": "01/02/2020"
    }
]